<?xml version="1.0" encoding="UTF-8"?>

<COMPONENT> 
  <HEADER AUTHOR="Thiago Benvenuto" COMPATIBILITY="ALL" DATA_AUTO_PROPAGATE="false" PLATEFORM="ALL" RELEASE_DATE="20130426A" SERIAL="" STARTABLE="true" STATUS="ALPHA" VERSION="0.2" VISIBLE="true"> 
    <SIGNATURE/> 
  </HEADER>  
  <FAMILIES> 
    <FAMILY>Logs</FAMILY> 
  </FAMILIES>  
  <DOCUMENTATION>
  	<URL></URL></DOCUMENTATION>  
  <CONNECTORS>
  	<CONNECTOR CTYPE="FLOW" MAX_INPUT="1" MAX_OUTPUT="1"></CONNECTOR>
  	<CONNECTOR CTYPE="ITERATE" MAX_INPUT="1" MAX_OUTPUT="1"></CONNECTOR>
  	<CONNECTOR CTYPE="SUBJOB_OK" MAX_INPUT="1"></CONNECTOR>
  	<CONNECTOR CTYPE="SUBJOB_ERROR" MAX_INPUT="1"></CONNECTOR>
  	<CONNECTOR CTYPE="COMPONENT_OK"></CONNECTOR>
  	<CONNECTOR CTYPE="COMPONENT_ERROR"></CONNECTOR>
  	<CONNECTOR CTYPE="RUN_IF"></CONNECTOR></CONNECTORS>  
  <PARAMETERS> 
    <PARAMETER FIELD="CHECK" NAME="SYSTEMOUT" NUM_ROW="1" REQUIRED="false">
    	<DEFAULT>true</DEFAULT></PARAMETER>  
    <PARAMETER FIELD="FILE" NAME="SYSTEMOUTFILE" NUM_ROW="2" SHOW_IF="SYSTEMOUT == 'true'" REQUIRED_IF="SYSTEMOUT == 'true'">
    	<DEFAULT>&quot;__COMP_DEFAULT_FILE_DIR__/out&quot;</DEFAULT></PARAMETER>
    <PARAMETER FIELD="CHECK" NAME="APPENDSYSTEMOUT" NUM_ROW="3" SHOW_IF="SYSTEMOUT == 'true'">
    	<DEFAULT>false</DEFAULT></PARAMETER>
    <PARAMETER FIELD="CHECK" NAME="SYSTEMERR" NUM_ROW="4" REQUIRED="false">
    	<DEFAULT>false</DEFAULT></PARAMETER>  
    <PARAMETER FIELD="FILE" NAME="SYSTEMERRFILE" NUM_ROW="5"
    	SHOW_IF="SYSTEMERR == 'true'" REQUIRED_IF="SYSTEMERR == 'true'">
    	<DEFAULT>&quot;__COMP_DEFAULT_FILE_DIR__/err&quot;</DEFAULT>
    </PARAMETER>
    <PARAMETER FIELD="CHECK" NAME="APPENDSYSTEMERR" NUM_ROW="6" SHOW_IF="SYSTEMERR == 'true'">
    	<DEFAULT>false</DEFAULT></PARAMETER>
    <PARAMETER FIELD="CHECK" NAME="OUTPUTDATE" NUM_ROW="7">
    	<DEFAULT>true</DEFAULT></PARAMETER>
    <PARAMETER FIELD="TEXT" NAME="DATECAPTION" NUM_ROW="8" SHOW_IF="OUTPUTDATE == 'true'" REQUIRED_IF="OUTPUTDATE == 'true'">
    	<DEFAULT>&quot;&quot;</DEFAULT></PARAMETER>
  </PARAMETERS>  
  <ADVANCED_PARAMETERS></ADVANCED_PARAMETERS>  
  <CODEGENERATION></CODEGENERATION>  
  <RETURNS></RETURNS> 
</COMPONENT>
